<?xml version="1.0" encoding="utf-8" ?>

<component name="RowListItem" extends="Group">
 
<interface> 
  <field id="itemContent" type="node" onChange="itemContentChanged"/> 
  <!-- <field id="focusPercent" type="float" onChange="changeScale"/> -->
  <field id="itemHasFocus" type="boolean" onChange="changeFont" />
</interface>
 
<script type="text/brightscript" >
<![CDATA[ 

  function init() as void
    print "Inside init"    
    m.itemImage = m.top.findNode("itemImage") 
    m.itemText = m.top.findNode("itemText") 
        m.itemImage.loadDisplayMode = "limitSize"
    print "Leaving init"
  end function

  function itemContentChanged() as void
    itemData = m.top.itemContent
    m.itemImage.uri = itemData.posterUrl
    m.itemText.text = itemData.labelText
        m.itemImage.loadDisplayMode = "limitSize"
  end function

' function changeScale() as void
'    scale = 1 + (m.top.focusPercent * 0.08)
'    m.itemImage.scale = [scale, scale] 
' end function

  function changeFont() as void
        print "rowFocusPercent is " m.top.itemHasFocus
          if m.top.itemHasFocus
              m.itemText.color = "#05acea"
          else 
               m.itemText.color = "#373834"
          end if
  end function

]]>
</script>

<children>
    <LayoutGroup layoutDirection="vert" vertAlignment="top" itemSpacings="20" translation="[0,0]" >
        <Poster id="itemImage" translation="[0,50]" width="270" height="175" loadDisplayMode = "scaleToFit" loadWidth="270" loadHeight="175"/>
        <Label id="itemText" horizAlign="left" ellipsizeOnBoundary="true" translation="[0,0]" font="font:MediumSystemFont" width="270" height="175" wrap="false" color="#373834">
           <Font role = "font" uri = "pkg:/font/ProximaNova-Regular.otf" size="25"/>
        </Label>
    </LayoutGroup>
</children>

</component>
